Workbook

Sheet Registro Visitas
A1: REGISTRO DE VISITAS A TERRENO
A2: N° Acta | B2: Fecha Visita | C2: N° Obs. levantadas | D2: N° Obs. pendientes | E2: N° Consultas | F2: Observaciones Generales
A3: =IF(B3="","",TEXT(B3,"YYYYMMDD")&"-"&TEXT(ROW()-2,"000")) -> 20260722-001 | B3: 46225 | C3: =IF(A3="","",COUNTIF(Observaciones!$C:$C,A3)) -> 2 | D3: =IF(A3="","",COUNTIFS(Observaciones!$C:$C,A3,Observaciones!$H:$H,"P")) -> 0 | E3: =IF(A3="","",COUNTIF(Consultas!$C:$C,A3)) -> 11 | F3: Visita con personal de comisionamiento, se realizaron obs. y sugerencias.
A4: =IF(B4="","",TEXT(B4,"YYYYMMDD")&"-"&TEXT(ROW()-2,"000")) -> 20260727-002 | B4: 46230 | C4: =IF(A4="","",COUNTIF(Observaciones!$C:$C,A4)) -> 0 | D4: =IF(A4="","",COUNTIFS(Observaciones!$C:$C,A4,Observaciones!$H:$H,"P")) -> 0 | E4: =IF(A4="","",COUNTIF(Consultas!$C:$C,A4)) -> 3 | F4: Visita con dpto de Ingenieria. Verificaciones con Claudio Rojas.
A5: =IF(B5="","",TEXT(B5,"YYYYMMDD")&"-"&TEXT(ROW()-2,"000")) -> 20260730-003 | B5: 46233 | C5: =IF(A5="","",COUNTIF(Observaciones!$C:$C,A5)) -> 8 | D5: =IF(A5="","",COUNTIFS(Consultas!$C:$C,A5,Consultas!$H:$H,"P")) -> 0 | E5: =IF(A5="","",COUNTIF(Consultas!$C:$C,A5)) -> 1 | F5: Visita semanal con Calidad de SS.II.
A6: =IF(B6="","",TEXT(B6,"YYYYMMDD")&"-"&TEXT(ROW()-2,"000")) -> 20260730-004 | B6: 46233 | C6: =IF(A6="","",COUNTIF(Observaciones!$C:$C,A6)) -> 3 | D6: =IF(A6="","",COUNTIFS(Consultas!$C:$C,A6,Consultas!$H:$H,"P")) -> 8 | E6: =IF(A6="","",COUNTIF(Consultas!$C:$C,A6)) -> 8 | F6: Visita con personal de CxA.
A7: =IF(B7="","",TEXT(B7,"YYYYMMDD")&"-"&TEXT(ROW()-2,"000")) | C7: =IF(A7="","",COUNTIF(Observaciones!$C:$C,A7)) | D7: =IF(A7="","",COUNTIFS(Consultas!$C:$C,A7,Consultas!$H:$H,"P")) | E7: =IF(A7="","",COUNTIF(Consultas!$C:$C,A7))
A8: =IF(B8="","",TEXT(B8,"YYYYMMDD")&"-"&TEXT(ROW()-2,"000")) | C8: =IF(A8="","",COUNTIF(Observaciones!$C:$C,A8)) | D8: =IF(A8="","",COUNTIFS(Consultas!$C:$C,A8,Consultas!$H:$H,"P")) | E8: =IF(A8="","",COUNTIF(Consultas!$C:$C,A8))
A9: =IF(B9="","",TEXT(B9,"YYYYMMDD")&"-"&TEXT(ROW()-2,"000")) | C9: =IF(A9="","",COUNTIF(Observaciones!$C:$C,A9)) | D9: =IF(A9="","",COUNTIFS(Consultas!$C:$C,A9,Consultas!$H:$H,"P")) | E9: =IF(A9="","",COUNTIF(Consultas!$C:$C,A9))
A10: =IF(B10="","",TEXT(B10,"YYYYMMDD")&"-"&TEXT(ROW()-2,"000")) | C10: =IF(A10="","",COUNTIF(Observaciones!$C:$C,A10)) | D10: =IF(A10="","",COUNTIFS(Consultas!$C:$C,A10,Consultas!$H:$H,"P")) | E10: =IF(A10="","",COUNTIF(Consultas!$C:$C,A10))
A11: =IF(B11="","",TEXT(B11,"YYYYMMDD")&"-"&TEXT(ROW()-2,"000")) | C11: =IF(A11="","",COUNTIF(Observaciones!$C:$C,A11)) | D11: =IF(A11="","",COUNTIFS(Consultas!$C:$C,A11,Consultas!$H:$H,"P")) | E11: =IF(A11="","",COUNTIF(Consultas!$C:$C,A11))
A12: =IF(B12="","",TEXT(B12,"YYYYMMDD")&"-"&TEXT(ROW()-2,"000")) | C12: =IF(A12="","",COUNTIF(Observaciones!$C:$C,A12)) | D12: =IF(A12="","",COUNTIFS(Consultas!$C:$C,A12,Consultas!$H:$H,"P")) | E12: =IF(A12="","",COUNTIF(Consultas!$C:$C,A12))
A13: =IF(B13="","",TEXT(B13,"YYYYMMDD")&"-"&TEXT(ROW()-2,"000")) | C13: =IF(A13="","",COUNTIF(Observaciones!$C:$C,A13)) | D13: =IF(A13="","",COUNTIFS(Consultas!$C:$C,A13,Consultas!$H:$H,"P")) | E13: =IF(A13="","",COUNTIF(Consultas!$C:$C,A13))
A14: =IF(B14="","",TEXT(B14,"YYYYMMDD")&"-"&TEXT(ROW()-2,"000")) | C14: =IF(A14="","",COUNTIF(Observaciones!$C:$C,A14)) | D14: =IF(A14="","",COUNTIFS(Consultas!$C:$C,A14,Consultas!$H:$H,"P")) | E14: =IF(A14="","",COUNTIF(Consultas!$C:$C,A14))
A15: =IF(B15="","",TEXT(B15,"YYYYMMDD")&"-"&TEXT(ROW()-2,"000")) | C15: =IF(A15="","",COUNTIF(Observaciones!$C:$C,A15)) | D15: =IF(A15="","",COUNTIFS(Consultas!$C:$C,A15,Consultas!$H:$H,"P")) | E15: =IF(A15="","",COUNTIF(Consultas!$C:$C,A15))
A16: =IF(B16="","",TEXT(B16,"YYYYMMDD")&"-"&TEXT(ROW()-2,"000")) | C16: =IF(A16="","",COUNTIF(Observaciones!$C:$C,A16)) | D16: =IF(A16="","",COUNTIFS(Consultas!$C:$C,A16,Consultas!$H:$H,"P")) | E16: =IF(A16="","",COUNTIF(Consultas!$C:$C,A16))
A17: =IF(B17="","",TEXT(B17,"YYYYMMDD")&"-"&TEXT(ROW()-2,"000")) | C17: =IF(A17="","",COUNTIF(Observaciones!$C:$C,A17)) | D17: =IF(A17="","",COUNTIFS(Consultas!$C:$C,A17,Consultas!$H:$H,"P")) | E17: =IF(A17="","",COUNTIF(Consultas!$C:$C,A17))
A18: =IF(B18="","",TEXT(B18,"YYYYMMDD")&"-"&TEXT(ROW()-2,"000")) | C18: =IF(A18="","",COUNTIF(Observaciones!$C:$C,A18)) | D18: =IF(A18="","",COUNTIFS(Consultas!$C:$C,A18,Consultas!$H:$H,"P")) | E18: =IF(A18="","",COUNTIF(Consultas!$C:$C,A18))
... A62: =IF(B62="","",TEXT(B62,"YYYYMMDD")&"-"&TEXT(ROW()-2,"000")) | C62: =IF(A62="","",COUNTIF(Observaciones!$C:$C,A62)) | D62: =IF(A62="","",COUNTIFS(Consultas!$C:$C,A62,Consultas!$H:$H,"P")) | E62: =IF(A62="","",COUNTIF(Consultas!$C:$C,A62))

Sheet Observaciones
A1: RGISTRO DE OBSERVACIONES
A2: N° Obs | B2: Fecha Detección | C2: N° Acta Visita | D2: Tablero | E2: Descripción de la Observación / Consulta | F2: Clasificación | G2: Fecha Compromiso | H2: Estado | I2: Fecha Cierre | J2: Observación | K2: Días Abierta | N2: AUX_OK_NO_MODIFICAR
A3: =IF(B3="","","OBS-"&TEXT(ROW()-2,"000")) -> OBS-001 | B3: =IFERROR(_xlfn.XLOOKUP(C3,'Registro Visitas'!$A$3:$A$62,'Registro Visitas'!$B$3:$B$62),"") -> 46225 | C3: 20260722-001 | D3: General/Varios | E3: Puertas interiores de los tableros estan desaplomadas, verificar cuando se torqueen los frame | F3: Obs. Menor | G3: 46234 | H3: OK | I3: 46230 | J3: Se mejoró el aplomo al apretar/torquear modulos. | K3: =IF(B3="","",IF(I3<>"",I3-B3,TODAY()-B3)) -> 5 | N3: =IF($H3="OK",COUNTIF($H$3:$H3,"OK"),"") -> 1
A4: =IF(B4="","","OBS-"&TEXT(ROW()-2,"000")) -> OBS-002 | B4: =IFERROR(_xlfn.XLOOKUP(C4,'Registro Visitas'!$A$3:$A$62,'Registro Visitas'!$B$3:$B$62),"") -> 46225 | C4: 20260722-001 | D4: General/Varios | E4: Las marquillas de cables actualmente identifican el con nombre de cto; deberían identificar el tag del componente. | F4: Obs. Menor | G4: 46234 | H4: OK | I4: 46233 | J4: Se solicito a CMF usar TAG de componente | K4: =IF(B4="","",IF(I4<>"",I4-B4,TODAY()-B4)) -> 8 | N4: =IF($H4="OK",COUNTIF($H$3:$H4,"OK"),"") -> 2
A5: =IF(B5="","","OBS-"&TEXT(ROW()-2,"000")) -> OBS-003 | B5: =IFERROR(_xlfn.XLOOKUP(C5,'Registro Visitas'!$A$3:$A$62,'Registro Visitas'!$B$3:$B$62),"") -> 46233 | C5: 20260730-003 | D5: CLIMA_A / CLIMA_B | E5: Pintura raspada en soporte de INT cubiculo 02 | F5: Obs. Menor | G5: 46249 | H5: =IF(E5="","","P") -> P | K5: =IF(B5="","",IF(I5<>"",I5-B5,TODAY()-B5)) -> 1 | N5: =IF($H5="OK",COUNTIF($H$3:$H5,"OK"),"")
A6: =IF(B6="","","OBS-"&TEXT(ROW()-2,"000")) -> OBS-004 | B6: =IFERROR(_xlfn.XLOOKUP(C6,'Registro Visitas'!$A$3:$A$62,'Registro Visitas'!$B$3:$B$62),"") -> 46233 | C6: 20260730-003 | D6: CLIMA_A / CLIMA_B | E6: Golilla de pernos en barra de distribucion mal instaladas, El estriado esta invertido, debe quedar hacia la cabeza del perno o tuerca pero no al terminal | F6: Obs. Mayor | G6: 46240 | H6: =IF(E6="","","P") -> P | K6: =IF(B6="","",IF(I6<>"",I6-B6,TODAY()-B6)) -> 1 | N6: =IF($H6="OK",COUNTIF($H$3:$H6,"OK"),"")
A7: =IF(B7="","","OBS-"&TEXT(ROW()-2,"000")) -> OBS-005 | B7: =IFERROR(_xlfn.XLOOKUP(C7,'Registro Visitas'!$A$3:$A$62,'Registro Visitas'!$B$3:$B$62),"") -> 46233 | C7: 20260730-003 | D7: CLIMA_A / CLIMA_B | E7: Conexion de int miniatura deficiente, el terminal debe quedar completamente insertado | F7: Obs. Menor | G7: 46240 | H7: =IF(E7="","","P") -> P | K7: =IF(B7="","",IF(I7<>"",I7-B7,TODAY()-B7)) -> 1 | N7: =IF($H7="OK",COUNTIF($H$3:$H7,"OK"),"")
A8: =IF(B8="","","OBS-"&TEXT(ROW()-2,"000")) -> OBS-006 | B8: =IFERROR(_xlfn.XLOOKUP(C8,'Registro Visitas'!$A$3:$A$62,'Registro Visitas'!$B$3:$B$62),"") -> 46233 | C8: 20260730-003 | D8: CLIMA_A / CLIMA_B | E8: Re-conectar chicotes desde barra schneider a int miniatura, actualmente tienen hilos expuestos, deben quedar completamente insertados | F8: Obs. Menor | G8: 46240 | H8: =IF(E8="","","P") -> P | K8: =IF(B8="","",IF(I8<>"",I8-B8,TODAY()-B8)) -> 1 | N8: =IF($H8="OK",COUNTIF($H$3:$H8,"OK"),"")
A9: =IF(B9="","","OBS-"&TEXT(ROW()-2,"000")) -> OBS-007 | B9: =IFERROR(_xlfn.XLOOKUP(C9,'Registro Visitas'!$A$3:$A$62,'Registro Visitas'!$B$3:$B$62),"") -> 46233 | C9: 20260730-003 | D9: CLIMA_A / CLIMA_B | E9: Re-peinar cables de neutro en barra schneider, deben quedar con holgura minima y no tensos | F9: Obs. Menor | G9: 46240 | H9: =IF(E9="","","P") -> P | K9: =IF(B9="","",IF(I9<>"",I9-B9,TODAY()-B9)) -> 1 | N9: =IF($H9="OK",COUNTIF($H$3:$H9,"OK"),"")
A10: =IF(B10="","","OBS-"&TEXT(ROW()-2,"000")) -> OBS-008 | B10: =IFERROR(_xlfn.XLOOKUP(C10,'Registro Visitas'!$A$3:$A$62,'Registro Visitas'!$B$3:$B$62),"") -> 46233 | C10: 20260730-003 | D10: CLIMA_A / CLIMA_B | E10: Rotular correctamente barra schneider, tiene marca de rotulos en orden invertido | F10: Obs. Menor | G10: 46240 | H10: =IF(E10="","","P") -> P | K10: =IF(B10="","",IF(I10<>"",I10-B10,TODAY()-B10)) -> 1 | N10: =IF($H10="OK",COUNTIF($H$3:$H10,"OK"),"")
A11: =IF(B11="","","OBS-"&TEXT(ROW()-2,"000")) -> OBS-009 | B11: =IFERROR(_xlfn.XLOOKUP(C11,'Registro Visitas'!$A$3:$A$62,'Registro Visitas'!$B$3:$B$62),"") -> 46233 | C11: 20260730-003 | D11: CLIMA_A / CLIMA_B | E11: Cambiar ferrules con aislacion quebrada. Actualmente hay conexiones a int miniatura con ferrul quebrado | F11: Obs. Menor | G11: 46240 | H11: =IF(E11="","","P") -> P | K11: =IF(B11="","",IF(I11<>"",I11-B11,TODAY()-B11)) -> 1 | N11: =IF($H11="OK",COUNTIF($H$3:$H11,"OK"),"")
A12: =IF(B12="","","OBS-"&TEXT(ROW()-2,"000")) -> OBS-010 | B12: =IFERROR(_xlfn.XLOOKUP(C12,'Registro Visitas'!$A$3:$A$62,'Registro Visitas'!$B$3:$B$62),"") -> 46233 | C12: 20260730-003 | D12: General/Varios | E12: Cables de potencia (RZ!-K) con distintos piquetes/raspaduras, por el momento menores. Se debe mejorar manejo del cable | F12: Obs. Mayor | G12: 46240 | H12: =IF(E12="","","P") -> P | K12: =IF(B12="","",IF(I12<>"",I12-B12,TODAY()-B12)) -> 1 | N12: =IF($H12="OK",COUNTIF($H$3:$H12,"OK"),"")
A13: =IF(B13="","","OBS-"&TEXT(ROW()-2,"000")) -> OBS-011 | B13: =IFERROR(_xlfn.XLOOKUP(C13,'Registro Visitas'!$A$3:$A$62,'Registro Visitas'!$B$3:$B$62),"") -> 46233 | C13: 20260730-004 | D13: General/Varios | E13: Pernos utilizados para union de barras deben ser todos iguales (largo, diametro, caracteristicas en gral). Actualmente hay pernosde diferente longitud. | F13: Obs. Mayor | G13: 46240 | H13: =IF(E13="","","P") -> P | K13: =IF(B13="","",IF(I13<>"",I13-B13,TODAY()-B13)) -> 1 | N13: =IF($H13="OK",COUNTIF($H$3:$H13,"OK"),"")
A14: =IF(B14="","","OBS-"&TEXT(ROW()-2,"000")) -> OBS-012 | B14: =IFERROR(_xlfn.XLOOKUP(C14,'Registro Visitas'!$A$3:$A$62,'Registro Visitas'!$B$3:$B$62),"") -> 46233 | C14: 20260730-004 | D14: CLIMA_A / CLIMA_B | E14: La instalacion de ferrules debe ser cubriendo todo el cobre y llenando todo el terminal, para lo cual debe estar bien pelado y crimpado. Actualmente hay cables que no cubren todo el terminal | F14: Obs. Menor | G14: 46240 | H14: =IF(E14="","","P") -> P | K14: =IF(B14="","",IF(I14<>"",I14-B14,TODAY()-B14)) -> 1 | N14: =IF($H14="OK",COUNTIF($H$3:$H14,"OK"),"")
A15: =IF(B15="","","OBS-"&TEXT(ROW()-2,"000")) -> OBS-013 | B15: =IFERROR(_xlfn.XLOOKUP(C15,'Registro Visitas'!$A$3:$A$62,'Registro Visitas'!$B$3:$B$62),"") -> 46233 | C15: 20260730-004 | D15: TP | E15: En la union de barras, se debe cumplir que la seccion de contacto efectiva (descontando orificios) debe ser almenos 1,5 veces la seccion transversal de la barra. Actualmente no se cumple. Además, debido a la perforacion, se deformo el canto de la barra, perdiendo capacidad termica y de transporte | F15: Obs. Crítica | G15: 46209 | H15: =IF(E15="","","P") -> P | K15: =IF(B15="","",IF(I15<>"",I15-B15,TODAY()-B15)) -> 1 | N15: =IF($H15="OK",COUNTIF($H$3:$H15,"OK"),"")
A16: =IF(B16="","","OBS-"&TEXT(ROW()-2,"000")) | B16: =IFERROR(_xlfn.XLOOKUP(C16,'Registro Visitas'!$A$3:$A$62,'Registro Visitas'!$B$3:$B$62),"") | H16: =IF(E16="","","P") | K16: =IF(B16="","",IF(I16<>"",I16-B16,TODAY()-B16)) | N16: =IF($H16="OK",COUNTIF($H$3:$H16,"OK"),"")
A17: =IF(B17="","","OBS-"&TEXT(ROW()-2,"000")) | B17: =IFERROR(_xlfn.XLOOKUP(C17,'Registro Visitas'!$A$3:$A$62,'Registro Visitas'!$B$3:$B$62),"") | H17: =IF(E17="","","P") | K17: =IF(B17="","",IF(I17<>"",I17-B17,TODAY()-B17)) | N17: =IF($H17="OK",COUNTIF($H$3:$H17,"OK"),"")
A18: =IF(B18="","","OBS-"&TEXT(ROW()-2,"000")) | B18: =IFERROR(_xlfn.XLOOKUP(C18,'Registro Visitas'!$A$3:$A$62,'Registro Visitas'!$B$3:$B$62),"") | H18: =IF(E18="","","P") | K18: =IF(B18="","",IF(I18<>"",I18-B18,TODAY()-B18)) | N18: =IF($H18="OK",COUNTIF($H$3:$H18,"OK"),"")
A19: =IF(B19="","","OBS-"&TEXT(ROW()-2,"000")) | B19: =IFERROR(_xlfn.XLOOKUP(C19,'Registro Visitas'!$A$3:$A$62,'Registro Visitas'!$B$3:$B$62),"") | H19: =IF(E19="","","P") | K19: =IF(B19="","",IF(I19<>"",I19-B19,TODAY()-B19)) | N19: =IF($H19="OK",COUNTIF($H$3:$H19,"OK"),"")
A20: =IF(B20="","","OBS-"&TEXT(ROW()-2,"000")) | B20: =IFERROR(_xlfn.XLOOKUP(C20,'Registro Visitas'!$A$3:$A$62,'Registro Visitas'!$B$3:$B$62),"") | H20: =IF(E20="","","P") | K20: =IF(B20="","",IF(I20<>"",I20-B20,TODAY()-B20)) | N20: =IF($H20="OK",COUNTIF($H$3:$H20,"OK"),"")
A21: =IF(B21="","","OBS-"&TEXT(ROW()-2,"000")) | B21: =IFERROR(_xlfn.XLOOKUP(C21,'Registro Visitas'!$A$3:$A$62,'Registro Visitas'!$B$3:$B$62),"") | H21: =IF(E21="","","P") | K21: =IF(B21="","",IF(I21<>"",I21-B21,TODAY()-B21)) | N21: =IF($H21="OK",COUNTIF($H$3:$H21,"OK"),"")
A22: =IF(B22="","","OBS-"&TEXT(ROW()-2,"000")) | B22: =IFERROR(_xlfn.XLOOKUP(C22,'Registro Visitas'!$A$3:$A$62,'Registro Visitas'!$B$3:$B$62),"") | H22: =IF(E22="","","P") | K22: =IF(B22="","",IF(I22<>"",I22-B22,TODAY()-B22)) | N22: =IF($H22="OK",COUNTIF($H$3:$H22,"OK"),"")
A23: =IF(B23="","","OBS-"&TEXT(ROW()-2,"000")) | B23: =IFERROR(_xlfn.XLOOKUP(C23,'Registro Visitas'!$A$3:$A$62,'Registro Visitas'!$B$3:$B$62),"") | H23: =IF(E23="","","P") | K23: =IF(B23="","",IF(I23<>"",I23-B23,TODAY()-B23)) | N23: =IF($H23="OK",COUNTIF($H$3:$H23,"OK"),"")
A24: =IF(B24="","","OBS-"&TEXT(ROW()-2,"000")) | B24: =IFERROR(_xlfn.XLOOKUP(C24,'Registro Visitas'!$A$3:$A$62,'Registro Visitas'!$B$3:$B$62),"") | H24: =IF(E24="","","P") | K24: =IF(B24="","",IF(I24<>"",I24-B24,TODAY()-B24)) | N24: =IF($H24="OK",COUNTIF($H$3:$H24,"OK"),"")
A25: =IF(B25="","","OBS-"&TEXT(ROW()-2,"000")) | B25: =IFERROR(_xlfn.XLOOKUP(C25,'Registro Visitas'!$A$3:$A$62,'Registro Visitas'!$B$3:$B$62),"") | H25: =IF(E25="","","P") | K25: =IF(B25="","",IF(I25<>"",I25-B25,TODAY()-B25)) | N25: =IF($H25="OK",COUNTIF($H$3:$H25,"OK"),"")
A26: =IF(B26="","","OBS-"&TEXT(ROW()-2,"000")) | B26: =IFERROR(_xlfn.XLOOKUP(C26,'Registro Visitas'!$A$3:$A$62,'Registro Visitas'!$B$3:$B$62),"") | H26: =IF(E26="","","P") | K26: =IF(B26="","",IF(I26<>"",I26-B26,TODAY()-B26)) | N26: =IF($H26="OK",COUNTIF($H$3:$H26,"OK"),"")
A27: =IF(B27="","","OBS-"&TEXT(ROW()-2,"000")) | B27: =IFERROR(_xlfn.XLOOKUP(C27,'Registro Visitas'!$A$3:$A$62,'Registro Visitas'!$B$3:$B$62),"") | H27: =IF(E27="","","P") | K27: =IF(B27="","",IF(I27<>"",I27-B27,TODAY()-B27)) | N27: =IF($H27="OK",COUNTIF($H$3:$H27,"OK"),"")
... A136: =IF(B136="","","OBS-"&TEXT(ROW()-2,"000")) | B136: =IFERROR(_xlfn.XLOOKUP(C136,'Registro Visitas'!$A$3:$A$62,'Registro Visitas'!$B$3:$B$62),"") | H136: =IF(E136="","","P") | K136: =IF(B136="","",IF(I136<>"",I136-B136,TODAY()-B136)) | N136: =IF($H136="OK",COUNTIF($H$3:$H136,"OK"),"")
B137: =IFERROR(_xlfn.XLOOKUP(C137,'Registro Visitas'!$A$3:$A$62,'Registro Visitas'!$B$3:$B$62),"") | H137: =IF(E137="","","P") | N137: =IF($H137="OK",COUNTIF($H$3:$H137,"OK"),"")
B138: =IFERROR(_xlfn.XLOOKUP(C138,'Registro Visitas'!$A$3:$A$62,'Registro Visitas'!$B$3:$B$62),"") | H138: =IF(E138="","","P") | N138: =IF($H138="OK",COUNTIF($H$3:$H138,"OK"),"")
B139: =IFERROR(_xlfn.XLOOKUP(C139,'Registro Visitas'!$A$3:$A$62,'Registro Visitas'!$B$3:$B$62),"") | H139: =IF(E139="","","P") | N139: =IF($H139="OK",COUNTIF($H$3:$H139,"OK"),"")
B140: =IFERROR(_xlfn.XLOOKUP(C140,'Registro Visitas'!$A$3:$A$62,'Registro Visitas'!$B$3:$B$62),"") | H140: =IF(E140="","","P") | N140: =IF($H140="OK",COUNTIF($H$3:$H140,"OK"),"")
B141: =IFERROR(_xlfn.XLOOKUP(C141,'Registro Visitas'!$A$3:$A$62,'Registro Visitas'!$B$3:$B$62),"") | H141: =IF(E141="","","P") | N141: =IF($H141="OK",COUNTIF($H$3:$H141,"OK"),"")
B142: =IFERROR(_xlfn.XLOOKUP(C142,'Registro Visitas'!$A$3:$A$62,'Registro Visitas'!$B$3:$B$62),"") | H142: =IF(E142="","","P") | N142: =IF($H142="OK",COUNTIF($H$3:$H142,"OK"),"")
B143: =IFERROR(_xlfn.XLOOKUP(C143,'Registro Visitas'!$A$3:$A$62,'Registro Visitas'!$B$3:$B$62),"") | H143: =IF(E143="","","P") | N143: =IF($H143="OK",COUNTIF($H$3:$H143,"OK"),"")
B144: =IFERROR(_xlfn.XLOOKUP(C144,'Registro Visitas'!$A$3:$A$62,'Registro Visitas'!$B$3:$B$62),"") | H144: =IF(E144="","","P") | N144: =IF($H144="OK",COUNTIF($H$3:$H144,"OK"),"")
B145: =IFERROR(_xlfn.XLOOKUP(C145,'Registro Visitas'!$A$3:$A$62,'Registro Visitas'!$B$3:$B$62),"") | H145: =IF(E145="","","P") | N145: =IF($H145="OK",COUNTIF($H$3:$H145,"OK"),"")
B146: =IFERROR(_xlfn.XLOOKUP(C146,'Registro Visitas'!$A$3:$A$62,'Registro Visitas'!$B$3:$B$62),"") | H146: =IF(E146="","","P") | N146: =IF($H146="OK",COUNTIF($H$3:$H146,"OK"),"")
B147: =IFERROR(_xlfn.XLOOKUP(C147,'Registro Visitas'!$A$3:$A$62,'Registro Visitas'!$B$3:$B$62),"") | H147: =IF(E147="","","P") | N147: =IF($H147="OK",COUNTIF($H$3:$H147,"OK"),"")

Sheet Consultas
A1: REGISTRO DE CONSULTAS, VERIFICACIONES Y SUGERENCIAS
A2: N° | B2: Fecha Detección | C2: N° Acta Visita | D2: Tablero | E2: Descripción de la Observación / Consulta | F2: Clasificación | G2: Remite a | H2: Estado | I2: Fecha Cierre | J2: Respuesta | M2: AUX_OK_NO_MODIFICAR
A3: =IF(B3="","","INFO-"&TEXT(ROW()-2,"000")) -> INFO-001 | B3: =IFERROR(_xlfn.XLOOKUP(C3,'Registro Visitas'!$A$3:$A$62,'Registro Visitas'!$B$3:$B$62),"") -> 46225 | C3: 20260722-001 | D3: General/Varios | E3: Consultar si ingreso/salida de cables es por la parte superior para todos los tableros | F3: Consulta | G3: CSE_ING | H3: R | I3: 46230 | J3: El ingreso es por la parte superior | M3: =IF(UPPER(TRIM(H3))="OK",COUNT($M$2:M2)+1,"")
A4: =IF(B4="","","INFO-"&TEXT(ROW()-2,"000")) -> INFO-002 | B4: =IFERROR(_xlfn.XLOOKUP(C4,'Registro Visitas'!$A$3:$A$62,'Registro Visitas'!$B$3:$B$62),"") -> 46225 | C4: 20260722-001 | D4: CLIMA_B | E4: Consultar si se puede quitar el prepicado del soporte de INT que se conectan con fleje | F4: Consulta | G4: S.E. | H4: R | I4: 46227 | J4: Se deben quitar para no estorbar paso de fleje | M4: =IF(UPPER(TRIM(H4))="OK",COUNT($M$2:M3)+1,"")
A5: =IF(B5="","","INFO-"&TEXT(ROW()-2,"000")) -> INFO-003 | B5: =IFERROR(_xlfn.XLOOKUP(C5,'Registro Visitas'!$A$3:$A$62,'Registro Visitas'!$B$3:$B$62),"") -> 46225 | C5: 20260722-001 | D5: General/Varios | E5: Verificar si los cubrepolos/falsopolo en el BOM son chicos o grandes | F5: Verificación | G5: CSE_IND | H5: R | I5: 46231 | J5: Las referencias del BOM corresponden a los cubrepolos pequeños | M5: =IF(UPPER(TRIM(H5))="OK",COUNT($M$2:M4)+1,"")
A6: =IF(B6="","","INFO-"&TEXT(ROW()-2,"000")) -> INFO-004 | B6: =IFERROR(_xlfn.XLOOKUP(C6,'Registro Visitas'!$A$3:$A$62,'Registro Visitas'!$B$3:$B$62),"") -> 46225 | C6: 20260722-001 | D6: General/Varios | E6: Cuando se instalen los TC en las barras, verificar que se utilice el perno accesorio y no con amarracables | F6: Sugerencia | G6: — | H6: i | I6: — | J6: — | M6: =IF(UPPER(TRIM(H6))="OK",COUNT($M$2:M5)+1,"")
A7: =IF(B7="","","INFO-"&TEXT(ROW()-2,"000")) -> INFO-005 | B7: =IFERROR(_xlfn.XLOOKUP(C7,'Registro Visitas'!$A$3:$A$62,'Registro Visitas'!$B$3:$B$62),"") -> 46225 | C7: 20260722-001 | D7: General/Varios | E7: Consultar si es que la alimentacion de los ctos de alumbrado del tablero se puede conectar aguas arriba del int general, y repartir tipo girnalda a los demás cubiculos | F7: Consulta | G7: CSE_ING | H7: P | M7: =IF(UPPER(TRIM(H7))="OK",COUNT($M$2:M6)+1,"")
A8: =IF(B8="","","INFO-"&TEXT(ROW()-2,"000")) -> INFO-006 | B8: =IFERROR(_xlfn.XLOOKUP(C8,'Registro Visitas'!$A$3:$A$62,'Registro Visitas'!$B$3:$B$62),"") -> 46225 | C8: 20260722-001 | D8: General/Varios | E8: Consultar si el control de MICROLOGIC se deja a la vista (quitar prepicado) y usar cubrepolos grandes (ref OBS-003) | F8: Consulta | G8: CSE_ING | H8: P | M8: =IF(UPPER(TRIM(H8))="OK",COUNT($M$2:M7)+1,"")
A9: =IF(B9="","","INFO-"&TEXT(ROW()-2,"000")) -> INFO-007 | B9: =IFERROR(_xlfn.XLOOKUP(C9,'Registro Visitas'!$A$3:$A$62,'Registro Visitas'!$B$3:$B$62),"") -> 46225 | C9: 20260722-001 | D9: CLIMA_A / CLIMA_B | E9: Consultar si se usará canastillo para canalizar cables de subalimentadores | F9: Consulta | G9: CSE_ING | H9: P | M9: =IF(UPPER(TRIM(H9))="OK",COUNT($M$2:M8)+1,"")
A10: =IF(B10="","","INFO-"&TEXT(ROW()-2,"000")) -> INFO-008 | B10: =IFERROR(_xlfn.XLOOKUP(C10,'Registro Visitas'!$A$3:$A$62,'Registro Visitas'!$B$3:$B$62),"") -> 46225 | C10: 20260722-001 | D10: General/Varios | E10: Verificar cómo estan crimpando terminales de compresion | F10: Verificación | G10: INTEG. | H10: R | I10: 46205 | J10: Crimpado con prensa hidraulica, aislado con cinta y termoretractil | M10: =IF(UPPER(TRIM(H10))="OK",COUNT($M$2:M9)+1,"")
A11: =IF(B11="","","INFO-"&TEXT(ROW()-2,"000")) -> INFO-009 | B11: =IFERROR(_xlfn.XLOOKUP(C11,'Registro Visitas'!$A$3:$A$62,'Registro Visitas'!$B$3:$B$62),"") -> 46225 | C11: 20260722-001 | D11: General/Varios | E11: Los cáncamos de izaje traen un tapon de goma, se solicito guardarlos para instalar en sitio | F11: Sugerencia | G11: — | H11: i | I11: — | J11: Los tapones quedaron guardados en bodega CMF | M11: =IF(UPPER(TRIM(H11))="OK",COUNT($M$2:M10)+1,"")
A12: =IF(B12="","","INFO-"&TEXT(ROW()-2,"000")) -> INFO-010 | B12: =IFERROR(_xlfn.XLOOKUP(C12,'Registro Visitas'!$A$3:$A$62,'Registro Visitas'!$B$3:$B$62),"") -> 46225 | C12: 20260722-001 | D12: General/Varios | E12: Definir montaje de barra de tierra. | F12: Consulta | G12: S.E. | H12: R | I12: 46225 | J12: Schneider indica que la barra de tierra se ubica según requerimiento de cada tablero | M12: =IF(UPPER(TRIM(H12))="OK",COUNT($M$2:M11)+1,"")
A13: =IF(B13="","","INFO-"&TEXT(ROW()-2,"000")) -> INFO-011 | B13: =IFERROR(_xlfn.XLOOKUP(C13,'Registro Visitas'!$A$3:$A$62,'Registro Visitas'!$B$3:$B$62),"") -> 46225 | C13: 20260722-001 | D13: General/Varios | E13: Consultar con alternativa de bajar 01M ubicación de INT principal para ganar espacio superior | F13: Consulta | G13: S.E. | H13: P | M13: =IF(UPPER(TRIM(H13))="OK",COUNT($M$2:M12)+1,"")
A14: =IF(B14="","","INFO-"&TEXT(ROW()-2,"000")) -> INFO-012 | B14: =IFERROR(_xlfn.XLOOKUP(C14,'Registro Visitas'!$A$3:$A$62,'Registro Visitas'!$B$3:$B$62),"") -> 46230 | C14: 20260727-002 | D14: General/Varios | E14: Consultar de dónde se alimentarán ctos de control | F14: Consulta | G14: CSE_ING | H14: R | I14: 46230 | J14: Los ctos de control deben ser alimentados desde borneras, ya que deberian ser alimentados desde una UPS | M14: =IF(UPPER(TRIM(H14))="OK",COUNT($M$2:M13)+1,"")
A15: =IF(B15="","","INFO-"&TEXT(ROW()-2,"000")) -> INFO-013 | B15: =IFERROR(_xlfn.XLOOKUP(C15,'Registro Visitas'!$A$3:$A$62,'Registro Visitas'!$B$3:$B$62),"") -> 46230 | C15: 20260727-002 | D15: BUS_A / BUS_B | E15: Consultar dimensiones de barra dist que queda aguas abajo del INT principal de 3200A, según modelo de SCH es de 100x10 | F15: Consulta | G15: S.E. | H15: R | I15: 46233 | J15: Schneider corroboro que son de 100x10 | M15: =IF(UPPER(TRIM(H15))="OK",COUNT($M$2:M14)+1,"")
A16: =IF(B16="","","INFO-"&TEXT(ROW()-2,"000")) -> INFO-014 | B16: =IFERROR(_xlfn.XLOOKUP(C16,'Registro Visitas'!$A$3:$A$62,'Registro Visitas'!$B$3:$B$62),"") -> 46230 | C16: 20260727-002 | D16: BUS_A / BUS_B | E16: Consultar IEC orden de fases obligatoria, ya que hay un INT que se monta invertido respecto a los demas. | F16: Consulta | G16: IEC | H16: =IF(E16="","","P") -> P | M16: =IF(UPPER(TRIM(H16))="OK",COUNT($M$2:M15)+1,"")
A17: =IF(B17="","","INFO-"&TEXT(ROW()-2,"000")) -> INFO-015 | B17: =IFERROR(_xlfn.XLOOKUP(C17,'Registro Visitas'!$A$3:$A$62,'Registro Visitas'!$B$3:$B$62),"") -> 46233 | C17: 20260730-003 | D17: General/Varios | E17: ITO Calidad sugiere quitar prepicado que queda sobre ajuste de interruptores | F17: Sugerencia | G17: CSE_IND | H17: i | I17: — | J17: Segunda vez que se sugiere esto, la primera fue INFO-006, realizada por personal de CxA | M17: =IF(UPPER(TRIM(H17))="OK",COUNT($M$2:M16)+1,"")
A18: =IF(B18="","","INFO-"&TEXT(ROW()-2,"000")) -> INFO-016 | B18: =IFERROR(_xlfn.XLOOKUP(C18,'Registro Visitas'!$A$3:$A$62,'Registro Visitas'!$B$3:$B$62),"") -> 46233 | C18: 20260730-004 | D18: BUS_A / BUS_B | E18: Para los interruptores de 1250A se suguiere considerar colas de barra para mejorar acceso de cables. Barra de INT inferior debe ser mas larga y con soporte a frame. | F18: Sugerencia | G18: CSE_ING | H18: =IF(E18="","","P") -> P | M18: =IF(UPPER(TRIM(H18))="OK",COUNT($M$2:M17)+1,"")
A19: =IF(B19="","","INFO-"&TEXT(ROW()-2,"000")) -> INFO-017 | B19: =IFERROR(_xlfn.XLOOKUP(C19,'Registro Visitas'!$A$3:$A$62,'Registro Visitas'!$B$3:$B$62),"") -> 46233 | C19: 20260730-004 | D19: General/Varios | E19: Todas las barras horizontales que requieren uniones deben estar alineadas verticalmente, con superficie horizontal continua. | H19: =IF(E19="","","P") -> P | M19: =IF(UPPER(TRIM(H19))="OK",COUNT($M$2:M18)+1,"")
A20: =IF(B20="","","INFO-"&TEXT(ROW()-2,"000")) -> INFO-018 | B20: =IFERROR(_xlfn.XLOOKUP(C20,'Registro Visitas'!$A$3:$A$62,'Registro Visitas'!$B$3:$B$62),"") -> 46233 | C20: 20260730-004 | D20: BUS_A / BUS_B | E20: Consultar con Edmundo si la disposicion de las uniones de barras en L deben quedar con pestañas hacia afuera o no. | H20: =IF(E20="","","P") -> P | M20: =IF(UPPER(TRIM(H20))="OK",COUNT($M$2:M19)+1,"")
A21: =IF(B21="","","INFO-"&TEXT(ROW()-2,"000")) -> INFO-019 | B21: =IFERROR(_xlfn.XLOOKUP(C21,'Registro Visitas'!$A$3:$A$62,'Registro Visitas'!$B$3:$B$62),"") -> 46233 | C21: 20260730-004 | D21: CLIMA_A / CLIMA_B | E21: Se sugiere instalar mica aislante entre barra repartidora y rejilla de soporte | H21: =IF(E21="","","P") -> P | M21: =IF(UPPER(TRIM(H21))="OK",COUNT($M$2:M20)+1,"")
A22: =IF(B22="","","INFO-"&TEXT(ROW()-2,"000")) -> INFO-020 | B22: =IFERROR(_xlfn.XLOOKUP(C22,'Registro Visitas'!$A$3:$A$62,'Registro Visitas'!$B$3:$B$62),"") -> 46233 | C22: 20260730-004 | D22: General/Varios | E22: Definir quien realizará los rotulos de los tableros | H22: =IF(E22="","","P") -> P | M22: =IF(UPPER(TRIM(H22))="OK",COUNT($M$2:M21)+1,"")
A23: =IF(B23="","","INFO-"&TEXT(ROW()-2,"000")) -> INFO-021 | B23: =IFERROR(_xlfn.XLOOKUP(C23,'Registro Visitas'!$A$3:$A$62,'Registro Visitas'!$B$3:$B$62),"") -> 46233 | C23: 20260730-004 | D23: General/Varios | E23: Cambiar o añadir nombre de componentes mas acotado para lograr calzar en componentes. | H23: =IF(E23="","","P") -> P | M23: =IF(UPPER(TRIM(H23))="OK",COUNT($M$2:M22)+1,"")
A24: =IF(B24="","","INFO-"&TEXT(ROW()-2,"000")) -> INFO-022 | B24: =IFERROR(_xlfn.XLOOKUP(C24,'Registro Visitas'!$A$3:$A$62,'Registro Visitas'!$B$3:$B$62),"") -> 46233 | C24: 20260730-004 | D24: General/Varios | E24: Coordinar visita a taller con Claudio Rojas, Sebastián Fernández y equipo de CxA para verificar dudas y definir alcances | H24: =IF(E24="","","P") -> P | M24: =IF(UPPER(TRIM(H24))="OK",COUNT($M$2:M23)+1,"")
A25: =IF(B25="","","INFO-"&TEXT(ROW()-2,"000")) -> INFO-023 | B25: =IFERROR(_xlfn.XLOOKUP(C25,'Registro Visitas'!$A$3:$A$62,'Registro Visitas'!$B$3:$B$62),"") -> 46233 | C25: 20260730-004 | D25: General/Varios | E25: Para entrega de tablero al terminar construccion, considerar evidencia de cierre de puertas, accion de manillas, aplome. | H25: =IF(E25="","","P") -> P | M25: =IF(UPPER(TRIM(H25))="OK",COUNT($M$2:M24)+1,"")
A26: =IF(B26="","","INFO-"&TEXT(ROW()-2,"000")) | B26: =IFERROR(_xlfn.XLOOKUP(C26,'Registro Visitas'!$A$3:$A$62,'Registro Visitas'!$B$3:$B$62),"") | H26: =IF(E26="","","P") | M26: =IF(UPPER(TRIM(H26))="OK",COUNT($M$2:M25)+1,"")
A27: =IF(B27="","","INFO-"&TEXT(ROW()-2,"000")) | B27: =IFERROR(_xlfn.XLOOKUP(C27,'Registro Visitas'!$A$3:$A$62,'Registro Visitas'!$B$3:$B$62),"") | H27: =IF(E27="","","P") | M27: =IF(UPPER(TRIM(H27))="OK",COUNT($M$2:M26)+1,"")
A28: =IF(B28="","","INFO-"&TEXT(ROW()-2,"000")) | B28: =IFERROR(_xlfn.XLOOKUP(C28,'Registro Visitas'!$A$3:$A$62,'Registro Visitas'!$B$3:$B$62),"") | H28: =IF(E28="","","P") | M28: =IF(UPPER(TRIM(H28))="OK",COUNT($M$2:M27)+1,"")
A29: =IF(B29="","","INFO-"&TEXT(ROW()-2,"000")) | B29: =IFERROR(_xlfn.XLOOKUP(C29,'Registro Visitas'!$A$3:$A$62,'Registro Visitas'!$B$3:$B$62),"") | H29: =IF(E29="","","P") | M29: =IF(UPPER(TRIM(H29))="OK",COUNT($M$2:M28)+1,"")
A30: =IF(B30="","","INFO-"&TEXT(ROW()-2,"000")) | B30: =IFERROR(_xlfn.XLOOKUP(C30,'Registro Visitas'!$A$3:$A$62,'Registro Visitas'!$B$3:$B$62),"") | H30: =IF(E30="","","P") | M30: =IF(UPPER(TRIM(H30))="OK",COUNT($M$2:M29)+1,"")
A31: =IF(B31="","","INFO-"&TEXT(ROW()-2,"000")) | B31: =IFERROR(_xlfn.XLOOKUP(C31,'Registro Visitas'!$A$3:$A$62,'Registro Visitas'!$B$3:$B$62),"") | H31: =IF(E31="","","P") | M31: =IF(UPPER(TRIM(H31))="OK",COUNT($M$2:M30)+1,"")
A32: =IF(B32="","","INFO-"&TEXT(ROW()-2,"000")) | B32: =IFERROR(_xlfn.XLOOKUP(C32,'Registro Visitas'!$A$3:$A$62,'Registro Visitas'!$B$3:$B$62),"") | H32: =IF(E32="","","P") | M32: =IF(UPPER(TRIM(H32))="OK",COUNT($M$2:M31)+1,"")
A33: =IF(B33="","","INFO-"&TEXT(ROW()-2,"000")) | B33: =IFERROR(_xlfn.XLOOKUP(C33,'Registro Visitas'!$A$3:$A$62,'Registro Visitas'!$B$3:$B$62),"") | H33: =IF(E33="","","P") | M33: =IF(UPPER(TRIM(H33))="OK",COUNT($M$2:M32)+1,"")
A34: =IF(B34="","","INFO-"&TEXT(ROW()-2,"000")) | B34: =IFERROR(_xlfn.XLOOKUP(C34,'Registro Visitas'!$A$3:$A$62,'Registro Visitas'!$B$3:$B$62),"") | H34: =IF(E34="","","P") | M34: =IF(UPPER(TRIM(H34))="OK",COUNT($M$2:M33)+1,"")
A35: =IF(B35="","","INFO-"&TEXT(ROW()-2,"000")) | B35: =IFERROR(_xlfn.XLOOKUP(C35,'Registro Visitas'!$A$3:$A$62,'Registro Visitas'!$B$3:$B$62),"") | H35: =IF(E35="","","P") | M35: =IF(UPPER(TRIM(H35))="OK",COUNT($M$2:M34)+1,"")
A36: =IF(B36="","","INFO-"&TEXT(ROW()-2,"000")) | B36: =IFERROR(_xlfn.XLOOKUP(C36,'Registro Visitas'!$A$3:$A$62,'Registro Visitas'!$B$3:$B$62),"") | H36: =IF(E36="","","P") | M36: =IF(UPPER(TRIM(H36))="OK",COUNT($M$2:M35)+1,"")
A37: =IF(B37="","","INFO-"&TEXT(ROW()-2,"000")) | B37: =IFERROR(_xlfn.XLOOKUP(C37,'Registro Visitas'!$A$3:$A$62,'Registro Visitas'!$B$3:$B$62),"") | H37: =IF(E37="","","P") | M37: =IF(UPPER(TRIM(H37))="OK",COUNT($M$2:M36)+1,"")
... A147: =IF(B147="","","INFO-"&TEXT(ROW()-2,"000")) | B147: =IFERROR(_xlfn.XLOOKUP(C147,'Registro Visitas'!$A$3:$A$62,'Registro Visitas'!$B$3:$B$62),"") | H147: =IF(E147="","","P") | M147: =IF(UPPER(TRIM(H147))="OK",COUNT($M$2:M146)+1,"")
C148: 0 | H148: =IF(E148="","","P")

Sheet Resumen Subsanadas
A1: RESUMEN DE OBSERVACIONES SUBSANADAS
A2: N° Obs | B2: N° Acta | C2: Fecha Detección | D2: Tablero | E2: Descripción | F2: Clasificación | G2: Fecha Cierre | H2: Observación de Cierre
A3: =IFERROR(IF(INDEX(Observaciones!A$3:A$147,MATCH(ROWS($A$3:A3),Observaciones!$N$3:$N$147,0))="","",INDEX(Observaciones!A$3:A$147,MATCH(ROWS($A$3:A3),Observaciones!$N$3:$N$147,0))),"") -> OBS-001 | B3: =IFERROR(IF(INDEX(Observaciones!C$3:C$147,MATCH(ROWS($A$3:A3),Observaciones!$N$3:$N$147,0))="","",INDEX(Observaciones!C$3:C$147,MATCH(ROWS($A$3:A3),Observaciones!$N$3:$N$147,0))),"") -> 20260722-001 | C3: =IFERROR(IF(INDEX(Observaciones!B$3:B$147,MATCH(ROWS($A$3:A3),Observaciones!$N$3:$N$147,0))="","",INDEX(Observaciones!B$3:B$147,MATCH(ROWS($A$3:A3),Observaciones!$N$3:$N$147,0))),"") -> 46225 | D3: =IFERROR(IF(INDEX(Observaciones!D$3:D$147,MATCH(ROWS($A$3:A3),Observaciones!$N$3:$N$147,0))="","",INDEX(Observaciones!D$3:D$147,MATCH(ROWS($A$3:A3),Observaciones!$N$3:$N$147,0))),"") -> General/Varios | E3: =IFERROR(IF(INDEX(Observaciones!E$3:E$147,MATCH(ROWS($A$3:A3),Observaciones!$N$3:$N$147,0))="","",INDEX(Observaciones!E$3:E$147,MATCH(ROWS($A$3:A3),Observaciones!$N$3:$N$147,0))),"") -> Puertas interiores de los tableros estan desaplomadas, verificar cuando se torqueen los frame | F3: =IFERROR(IF(INDEX(Observaciones!F$3:F$147,MATCH(ROWS($A$3:A3),Observaciones!$N$3:$N$147,0))="","",INDEX(Observaciones!F$3:F$147,MATCH(ROWS($A$3:A3),Observaciones!$N$3:$N$147,0))),"") -> Obs. Menor | G3: =IFERROR(IF(INDEX(Observaciones!I$3:I$147,MATCH(ROWS($A$3:A3),Observaciones!$N$3:$N$147,0))="","",INDEX(Observaciones!I$3:I$147,MATCH(ROWS($A$3:A3),Observaciones!$N$3:$N$147,0))),"") -> 46230 | H3: =IFERROR(IF(INDEX(Observaciones!J$3:J$147,MATCH(ROWS($A$3:A3),Observaciones!$N$3:$N$147,0))="","",INDEX(Observaciones!J$3:J$147,MATCH(ROWS($A$3:A3),Observaciones!$N$3:$N$147,0))),"") -> Se mejoró el aplomo al apretar/torquear modulos.
A4: =IFERROR(IF(INDEX(Observaciones!A$3:A$147,MATCH(ROWS($A$3:A4),Observaciones!$N$3:$N$147,0))="","",INDEX(Observaciones!A$3:A$147,MATCH(ROWS($A$3:A4),Observaciones!$N$3:$N$147,0))),"") -> OBS-002 | B4: =IFERROR(IF(INDEX(Observaciones!C$3:C$147,MATCH(ROWS($A$3:A4),Observaciones!$N$3:$N$147,0))="","",INDEX(Observaciones!C$3:C$147,MATCH(ROWS($A$3:A4),Observaciones!$N$3:$N$147,0))),"") -> 20260722-001 | C4: =IFERROR(IF(INDEX(Observaciones!B$3:B$147,MATCH(ROWS($A$3:A4),Observaciones!$N$3:$N$147,0))="","",INDEX(Observaciones!B$3:B$147,MATCH(ROWS($A$3:A4),Observaciones!$N$3:$N$147,0))),"") -> 46225 | D4: =IFERROR(IF(INDEX(Observaciones!D$3:D$147,MATCH(ROWS($A$3:A4),Observaciones!$N$3:$N$147,0))="","",INDEX(Observaciones!D$3:D$147,MATCH(ROWS($A$3:A4),Observaciones!$N$3:$N$147,0))),"") -> General/Varios | E4: =IFERROR(IF(INDEX(Observaciones!E$3:E$147,MATCH(ROWS($A$3:A4),Observaciones!$N$3:$N$147,0))="","",INDEX(Observaciones!E$3:E$147,MATCH(ROWS($A$3:A4),Observaciones!$N$3:$N$147,0))),"") -> Las marquillas de cables actualmente identifican el con nombre de cto; deberían identificar el tag del componente. | F4: =IFERROR(IF(INDEX(Observaciones!F$3:F$147,MATCH(ROWS($A$3:A4),Observaciones!$N$3:$N$147,0))="","",INDEX(Observaciones!F$3:F$147,MATCH(ROWS($A$3:A4),Observaciones!$N$3:$N$147,0))),"") -> Obs. Menor | G4: =IFERROR(IF(INDEX(Observaciones!I$3:I$147,MATCH(ROWS($A$3:A4),Observaciones!$N$3:$N$147,0))="","",INDEX(Observaciones!I$3:I$147,MATCH(ROWS($A$3:A4),Observaciones!$N$3:$N$147,0))),"") -> 46233 | H4: =IFERROR(IF(INDEX(Observaciones!J$3:J$147,MATCH(ROWS($A$3:A4),Observaciones!$N$3:$N$147,0))="","",INDEX(Observaciones!J$3:J$147,MATCH(ROWS($A$3:A4),Observaciones!$N$3:$N$147,0))),"") -> Se solicito a CMF usar TAG de componente
A5: =IFERROR(IF(INDEX(Observaciones!A$3:A$147,MATCH(ROWS($A$3:A5),Observaciones!$N$3:$N$147,0))="","",INDEX(Observaciones!A$3:A$147,MATCH(ROWS($A$3:A5),Observaciones!$N$3:$N$147,0))),"") | B5: =IFERROR(IF(INDEX(Observaciones!C$3:C$147,MATCH(ROWS($A$3:A5),Observaciones!$N$3:$N$147,0))="","",INDEX(Observaciones!C$3:C$147,MATCH(ROWS($A$3:A5),Observaciones!$N$3:$N$147,0))),"") | C5: =IFERROR(IF(INDEX(Observaciones!B$3:B$147,MATCH(ROWS($A$3:A5),Observaciones!$N$3:$N$147,0))="","",INDEX(Observaciones!B$3:B$147,MATCH(ROWS($A$3:A5),Observaciones!$N$3:$N$147,0))),"") | D5: =IFERROR(IF(INDEX(Observaciones!D$3:D$147,MATCH(ROWS($A$3:A5),Observaciones!$N$3:$N$147,0))="","",INDEX(Observaciones!D$3:D$147,MATCH(ROWS($A$3:A5),Observaciones!$N$3:$N$147,0))),"") | E5: =IFERROR(IF(INDEX(Observaciones!E$3:E$147,MATCH(ROWS($A$3:A5),Observaciones!$N$3:$N$147,0))="","",INDEX(Observaciones!E$3:E$147,MATCH(ROWS($A$3:A5),Observaciones!$N$3:$N$147,0))),"") | F5: =IFERROR(IF(INDEX(Observaciones!F$3:F$147,MATCH(ROWS($A$3:A5),Observaciones!$N$3:$N$147,0))="","",INDEX(Observaciones!F$3:F$147,MATCH(ROWS($A$3:A5),Observaciones!$N$3:$N$147,0))),"") | G5: =IFERROR(IF(INDEX(Observaciones!I$3:I$147,MATCH(ROWS($A$3:A5),Observaciones!$N$3:$N$147,0))="","",INDEX(Observaciones!I$3:I$147,MATCH(ROWS($A$3:A5),Observaciones!$N$3:$N$147,0))),"") | H5: =IFERROR(IF(INDEX(Observaciones!J$3:J$147,MATCH(ROWS($A$3:A5),Observaciones!$N$3:$N$147,0))="","",INDEX(Observaciones!J$3:J$147,MATCH(ROWS($A$3:A5),Observaciones!$N$3:$N$147,0))),"")
A6: =IFERROR(IF(INDEX(Observaciones!A$3:A$147,MATCH(ROWS($A$3:A6),Observaciones!$N$3:$N$147,0))="","",INDEX(Observaciones!A$3:A$147,MATCH(ROWS($A$3:A6),Observaciones!$N$3:$N$147,0))),"") | B6: =IFERROR(IF(INDEX(Observaciones!C$3:C$147,MATCH(ROWS($A$3:A6),Observaciones!$N$3:$N$147,0))="","",INDEX(Observaciones!C$3:C$147,MATCH(ROWS($A$3:A6),Observaciones!$N$3:$N$147,0))),"") | C6: =IFERROR(IF(INDEX(Observaciones!B$3:B$147,MATCH(ROWS($A$3:A6),Observaciones!$N$3:$N$147,0))="","",INDEX(Observaciones!B$3:B$147,MATCH(ROWS($A$3:A6),Observaciones!$N$3:$N$147,0))),"") | D6: =IFERROR(IF(INDEX(Observaciones!D$3:D$147,MATCH(ROWS($A$3:A6),Observaciones!$N$3:$N$147,0))="","",INDEX(Observaciones!D$3:D$147,MATCH(ROWS($A$3:A6),Observaciones!$N$3:$N$147,0))),"") | E6: =IFERROR(IF(INDEX(Observaciones!E$3:E$147,MATCH(ROWS($A$3:A6),Observaciones!$N$3:$N$147,0))="","",INDEX(Observaciones!E$3:E$147,MATCH(ROWS($A$3:A6),Observaciones!$N$3:$N$147,0))),"") | F6: =IFERROR(IF(INDEX(Observaciones!F$3:F$147,MATCH(ROWS($A$3:A6),Observaciones!$N$3:$N$147,0))="","",INDEX(Observaciones!F$3:F$147,MATCH(ROWS($A$3:A6),Observaciones!$N$3:$N$147,0))),"") | G6: =IFERROR(IF(INDEX(Observaciones!I$3:I$147,MATCH(ROWS($A$3:A6),Observaciones!$N$3:$N$147,0))="","",INDEX(Observaciones!I$3:I$147,MATCH(ROWS($A$3:A6),Observaciones!$N$3:$N$147,0))),"") | H6: =IFERROR(IF(INDEX(Observaciones!J$3:J$147,MATCH(ROWS($A$3:A6),Observaciones!$N$3:$N$147,0))="","",INDEX(Observaciones!J$3:J$147,MATCH(ROWS($A$3:A6),Observaciones!$N$3:$N$147,0))),"")
A7: =IFERROR(IF(INDEX(Observaciones!A$3:A$147,MATCH(ROWS($A$3:A7),Observaciones!$N$3:$N$147,0))="","",INDEX(Observaciones!A$3:A$147,MATCH(ROWS($A$3:A7),Observaciones!$N$3:$N$147,0))),"") | B7: =IFERROR(IF(INDEX(Observaciones!C$3:C$147,MATCH(ROWS($A$3:A7),Observaciones!$N$3:$N$147,0))="","",INDEX(Observaciones!C$3:C$147,MATCH(ROWS($A$3:A7),Observaciones!$N$3:$N$147,0))),"") | C7: =IFERROR(IF(INDEX(Observaciones!B$3:B$147,MATCH(ROWS($A$3:A7),Observaciones!$N$3:$N$147,0))="","",INDEX(Observaciones!B$3:B$147,MATCH(ROWS($A$3:A7),Observaciones!$N$3:$N$147,0))),"") | D7: =IFERROR(IF(INDEX(Observaciones!D$3:D$147,MATCH(ROWS($A$3:A7),Observaciones!$N$3:$N$147,0))="","",INDEX(Observaciones!D$3:D$147,MATCH(ROWS($A$3:A7),Observaciones!$N$3:$N$147,0))),"") | E7: =IFERROR(IF(INDEX(Observaciones!E$3:E$147,MATCH(ROWS($A$3:A7),Observaciones!$N$3:$N$147,0))="","",INDEX(Observaciones!E$3:E$147,MATCH(ROWS($A$3:A7),Observaciones!$N$3:$N$147,0))),"") | F7: =IFERROR(IF(INDEX(Observaciones!F$3:F$147,MATCH(ROWS($A$3:A7),Observaciones!$N$3:$N$147,0))="","",INDEX(Observaciones!F$3:F$147,MATCH(ROWS($A$3:A7),Observaciones!$N$3:$N$147,0))),"") | G7: =IFERROR(IF(INDEX(Observaciones!I$3:I$147,MATCH(ROWS($A$3:A7),Observaciones!$N$3:$N$147,0))="","",INDEX(Observaciones!I$3:I$147,MATCH(ROWS($A$3:A7),Observaciones!$N$3:$N$147,0))),"") | H7: =IFERROR(IF(INDEX(Observaciones!J$3:J$147,MATCH(ROWS($A$3:A7),Observaciones!$N$3:$N$147,0))="","",INDEX(Observaciones!J$3:J$147,MATCH(ROWS($A$3:A7),Observaciones!$N$3:$N$147,0))),"")
A8: =IFERROR(IF(INDEX(Observaciones!A$3:A$147,MATCH(ROWS($A$3:A8),Observaciones!$N$3:$N$147,0))="","",INDEX(Observaciones!A$3:A$147,MATCH(ROWS($A$3:A8),Observaciones!$N$3:$N$147,0))),"") | B8: =IFERROR(IF(INDEX(Observaciones!C$3:C$147,MATCH(ROWS($A$3:A8),Observaciones!$N$3:$N$147,0))="","",INDEX(Observaciones!C$3:C$147,MATCH(ROWS($A$3:A8),Observaciones!$N$3:$N$147,0))),"") | C8: =IFERROR(IF(INDEX(Observaciones!B$3:B$147,MATCH(ROWS($A$3:A8),Observaciones!$N$3:$N$147,0))="","",INDEX(Observaciones!B$3:B$147,MATCH(ROWS($A$3:A8),Observaciones!$N$3:$N$147,0))),"") | D8: =IFERROR(IF(INDEX(Observaciones!D$3:D$147,MATCH(ROWS($A$3:A8),Observaciones!$N$3:$N$147,0))="","",INDEX(Observaciones!D$3:D$147,MATCH(ROWS($A$3:A8),Observaciones!$N$3:$N$147,0))),"") | E8: =IFERROR(IF(INDEX(Observaciones!E$3:E$147,MATCH(ROWS($A$3:A8),Observaciones!$N$3:$N$147,0))="","",INDEX(Observaciones!E$3:E$147,MATCH(ROWS($A$3:A8),Observaciones!$N$3:$N$147,0))),"") | F8: =IFERROR(IF(INDEX(Observaciones!F$3:F$147,MATCH(ROWS($A$3:A8),Observaciones!$N$3:$N$147,0))="","",INDEX(Observaciones!F$3:F$147,MATCH(ROWS($A$3:A8),Observaciones!$N$3:$N$147,0))),"") | G8: =IFERROR(IF(INDEX(Observaciones!I$3:I$147,MATCH(ROWS($A$3:A8),Observaciones!$N$3:$N$147,0))="","",INDEX(Observaciones!I$3:I$147,MATCH(ROWS($A$3:A8),Observaciones!$N$3:$N$147,0))),"") | H8: =IFERROR(IF(INDEX(Observaciones!J$3:J$147,MATCH(ROWS($A$3:A8),Observaciones!$N$3:$N$147,0))="","",INDEX(Observaciones!J$3:J$147,MATCH(ROWS($A$3:A8),Observaciones!$N$3:$N$147,0))),"")
A9: =IFERROR(IF(INDEX(Observaciones!A$3:A$147,MATCH(ROWS($A$3:A9),Observaciones!$N$3:$N$147,0))="","",INDEX(Observaciones!A$3:A$147,MATCH(ROWS($A$3:A9),Observaciones!$N$3:$N$147,0))),"") | B9: =IFERROR(IF(INDEX(Observaciones!C$3:C$147,MATCH(ROWS($A$3:A9),Observaciones!$N$3:$N$147,0))="","",INDEX(Observaciones!C$3:C$147,MATCH(ROWS($A$3:A9),Observaciones!$N$3:$N$147,0))),"") | C9: =IFERROR(IF(INDEX(Observaciones!B$3:B$147,MATCH(ROWS($A$3:A9),Observaciones!$N$3:$N$147,0))="","",INDEX(Observaciones!B$3:B$147,MATCH(ROWS($A$3:A9),Observaciones!$N$3:$N$147,0))),"") | D9: =IFERROR(IF(INDEX(Observaciones!D$3:D$147,MATCH(ROWS($A$3:A9),Observaciones!$N$3:$N$147,0))="","",INDEX(Observaciones!D$3:D$147,MATCH(ROWS($A$3:A9),Observaciones!$N$3:$N$147,0))),"") | E9: =IFERROR(IF(INDEX(Observaciones!E$3:E$147,MATCH(ROWS($A$3:A9),Observaciones!$N$3:$N$147,0))="","",INDEX(Observaciones!E$3:E$147,MATCH(ROWS($A$3:A9),Observaciones!$N$3:$N$147,0))),"") | F9: =IFERROR(IF(INDEX(Observaciones!F$3:F$147,MATCH(ROWS($A$3:A9),Observaciones!$N$3:$N$147,0))="","",INDEX(Observaciones!F$3:F$147,MATCH(ROWS($A$3:A9),Observaciones!$N$3:$N$147,0))),"") | G9: =IFERROR(IF(INDEX(Observaciones!I$3:I$147,MATCH(ROWS($A$3:A9),Observaciones!$N$3:$N$147,0))="","",INDEX(Observaciones!I$3:I$147,MATCH(ROWS($A$3:A9),Observaciones!$N$3:$N$147,0))),"") | H9: =IFERROR(IF(INDEX(Observaciones!J$3:J$147,MATCH(ROWS($A$3:A9),Observaciones!$N$3:$N$147,0))="","",INDEX(Observaciones!J$3:J$147,MATCH(ROWS($A$3:A9),Observaciones!$N$3:$N$147,0))),"")
A10: =IFERROR(IF(INDEX(Observaciones!A$3:A$147,MATCH(ROWS($A$3:A10),Observaciones!$N$3:$N$147,0))="","",INDEX(Observaciones!A$3:A$147,MATCH(ROWS($A$3:A10),Observaciones!$N$3:$N$147,0))),"") | B10: =IFERROR(IF(INDEX(Observaciones!C$3:C$147,MATCH(ROWS($A$3:A10),Observaciones!$N$3:$N$147,0))="","",INDEX(Observaciones!C$3:C$147,MATCH(ROWS($A$3:A10),Observaciones!$N$3:$N$147,0))),"") | C10: =IFERROR(IF(INDEX(Observaciones!B$3:B$147,MATCH(ROWS($A$3:A10),Observaciones!$N$3:$N$147,0))="","",INDEX(Observaciones!B$3:B$147,MATCH(ROWS($A$3:A10),Observaciones!$N$3:$N$147,0))),"") | D10: =IFERROR(IF(INDEX(Observaciones!D$3:D$147,MATCH(ROWS($A$3:A10),Observaciones!$N$3:$N$147,0))="","",INDEX(Observaciones!D$3:D$147,MATCH(ROWS($A$3:A10),Observaciones!$N$3:$N$147,0))),"") | E10: =IFERROR(IF(INDEX(Observaciones!E$3:E$147,MATCH(ROWS($A$3:A10),Observaciones!$N$3:$N$147,0))="","",INDEX(Observaciones!E$3:E$147,MATCH(ROWS($A$3:A10),Observaciones!$N$3:$N$147,0))),"") | F10: =IFERROR(IF(INDEX(Observaciones!F$3:F$147,MATCH(ROWS($A$3:A10),Observaciones!$N$3:$N$147,0))="","",INDEX(Observaciones!F$3:F$147,MATCH(ROWS($A$3:A10),Observaciones!$N$3:$N$147,0))),"") | G10: =IFERROR(IF(INDEX(Observaciones!I$3:I$147,MATCH(ROWS($A$3:A10),Observaciones!$N$3:$N$147,0))="","",INDEX(Observaciones!I$3:I$147,MATCH(ROWS($A$3:A10),Observaciones!$N$3:$N$147,0))),"") | H10: =IFERROR(IF(INDEX(Observaciones!J$3:J$147,MATCH(ROWS($A$3:A10),Observaciones!$N$3:$N$147,0))="","",INDEX(Observaciones!J$3:J$147,MATCH(ROWS($A$3:A10),Observaciones!$N$3:$N$147,0))),"")
A11: =IFERROR(IF(INDEX(Observaciones!A$3:A$147,MATCH(ROWS($A$3:A11),Observaciones!$N$3:$N$147,0))="","",INDEX(Observaciones!A$3:A$147,MATCH(ROWS($A$3:A11),Observaciones!$N$3:$N$147,0))),"") | B11: =IFERROR(IF(INDEX(Observaciones!C$3:C$147,MATCH(ROWS($A$3:A11),Observaciones!$N$3:$N$147,0))="","",INDEX(Observaciones!C$3:C$147,MATCH(ROWS($A$3:A11),Observaciones!$N$3:$N$147,0))),"") | C11: =IFERROR(IF(INDEX(Observaciones!B$3:B$147,MATCH(ROWS($A$3:A11),Observaciones!$N$3:$N$147,0))="","",INDEX(Observaciones!B$3:B$147,MATCH(ROWS($A$3:A11),Observaciones!$N$3:$N$147,0))),"") | D11: =IFERROR(IF(INDEX(Observaciones!D$3:D$147,MATCH(ROWS($A$3:A11),Observaciones!$N$3:$N$147,0))="","",INDEX(Observaciones!D$3:D$147,MATCH(ROWS($A$3:A11),Observaciones!$N$3:$N$147,0))),"") | E11: =IFERROR(IF(INDEX(Observaciones!E$3:E$147,MATCH(ROWS($A$3:A11),Observaciones!$N$3:$N$147,0))="","",INDEX(Observaciones!E$3:E$147,MATCH(ROWS($A$3:A11),Observaciones!$N$3:$N$147,0))),"") | F11: =IFERROR(IF(INDEX(Observaciones!F$3:F$147,MATCH(ROWS($A$3:A11),Observaciones!$N$3:$N$147,0))="","",INDEX(Observaciones!F$3:F$147,MATCH(ROWS($A$3:A11),Observaciones!$N$3:$N$147,0))),"") | G11: =IFERROR(IF(INDEX(Observaciones!I$3:I$147,MATCH(ROWS($A$3:A11),Observaciones!$N$3:$N$147,0))="","",INDEX(Observaciones!I$3:I$147,MATCH(ROWS($A$3:A11),Observaciones!$N$3:$N$147,0))),"") | H11: =IFERROR(IF(INDEX(Observaciones!J$3:J$147,MATCH(ROWS($A$3:A11),Observaciones!$N$3:$N$147,0))="","",INDEX(Observaciones!J$3:J$147,MATCH(ROWS($A$3:A11),Observaciones!$N$3:$N$147,0))),"")
A12: =IFERROR(IF(INDEX(Observaciones!A$3:A$147,MATCH(ROWS($A$3:A12),Observaciones!$N$3:$N$147,0))="","",INDEX(Observaciones!A$3:A$147,MATCH(ROWS($A$3:A12),Observaciones!$N$3:$N$147,0))),"") | B12: =IFERROR(IF(INDEX(Observaciones!C$3:C$147,MATCH(ROWS($A$3:A12),Observaciones!$N$3:$N$147,0))="","",INDEX(Observaciones!C$3:C$147,MATCH(ROWS($A$3:A12),Observaciones!$N$3:$N$147,0))),"") | C12: =IFERROR(IF(INDEX(Observaciones!B$3:B$147,MATCH(ROWS($A$3:A12),Observaciones!$N$3:$N$147,0))="","",INDEX(Observaciones!B$3:B$147,MATCH(ROWS($A$3:A12),Observaciones!$N$3:$N$147,0))),"") | D12: =IFERROR(IF(INDEX(Observaciones!D$3:D$147,MATCH(ROWS($A$3:A12),Observaciones!$N$3:$N$147,0))="","",INDEX(Observaciones!D$3:D$147,MATCH(ROWS($A$3:A12),Observaciones!$N$3:$N$147,0))),"") | E12: =IFERROR(IF(INDEX(Observaciones!E$3:E$147,MATCH(ROWS($A$3:A12),Observaciones!$N$3:$N$147,0))="","",INDEX(Observaciones!E$3:E$147,MATCH(ROWS($A$3:A12),Observaciones!$N$3:$N$147,0))),"") | F12: =IFERROR(IF(INDEX(Observaciones!F$3:F$147,MATCH(ROWS($A$3:A12),Observaciones!$N$3:$N$147,0))="","",INDEX(Observaciones!F$3:F$147,MATCH(ROWS($A$3:A12),Observaciones!$N$3:$N$147,0))),"") | G12: =IFERROR(IF(INDEX(Observaciones!I$3:I$147,MATCH(ROWS($A$3:A12),Observaciones!$N$3:$N$147,0))="","",INDEX(Observaciones!I$3:I$147,MATCH(ROWS($A$3:A12),Observaciones!$N$3:$N$147,0))),"") | H12: =IFERROR(IF(INDEX(Observaciones!J$3:J$147,MATCH(ROWS($A$3:A12),Observaciones!$N$3:$N$147,0))="","",INDEX(Observaciones!J$3:J$147,MATCH(ROWS($A$3:A12),Observaciones!$N$3:$N$147,0))),"")
A13: =IFERROR(IF(INDEX(Observaciones!A$3:A$147,MATCH(ROWS($A$3:A13),Observaciones!$N$3:$N$147,0))="","",INDEX(Observaciones!A$3:A$147,MATCH(ROWS($A$3:A13),Observaciones!$N$3:$N$147,0))),"") | B13: =IFERROR(IF(INDEX(Observaciones!C$3:C$147,MATCH(ROWS($A$3:A13),Observaciones!$N$3:$N$147,0))="","",INDEX(Observaciones!C$3:C$147,MATCH(ROWS($A$3:A13),Observaciones!$N$3:$N$147,0))),"") | C13: =IFERROR(IF(INDEX(Observaciones!B$3:B$147,MATCH(ROWS($A$3:A13),Observaciones!$N$3:$N$147,0))="","",INDEX(Observaciones!B$3:B$147,MATCH(ROWS($A$3:A13),Observaciones!$N$3:$N$147,0))),"") | D13: =IFERROR(IF(INDEX(Observaciones!D$3:D$147,MATCH(ROWS($A$3:A13),Observaciones!$N$3:$N$147,0))="","",INDEX(Observaciones!D$3:D$147,MATCH(ROWS($A$3:A13),Observaciones!$N$3:$N$147,0))),"") | E13: =IFERROR(IF(INDEX(Observaciones!E$3:E$147,MATCH(ROWS($A$3:A13),Observaciones!$N$3:$N$147,0))="","",INDEX(Observaciones!E$3:E$147,MATCH(ROWS($A$3:A13),Observaciones!$N$3:$N$147,0))),"") | F13: =IFERROR(IF(INDEX(Observaciones!F$3:F$147,MATCH(ROWS($A$3:A13),Observaciones!$N$3:$N$147,0))="","",INDEX(Observaciones!F$3:F$147,MATCH(ROWS($A$3:A13),Observaciones!$N$3:$N$147,0))),"") | G13: =IFERROR(IF(INDEX(Observaciones!I$3:I$147,MATCH(ROWS($A$3:A13),Observaciones!$N$3:$N$147,0))="","",INDEX(Observaciones!I$3:I$147,MATCH(ROWS($A$3:A13),Observaciones!$N$3:$N$147,0))),"") | H13: =IFERROR(IF(INDEX(Observaciones!J$3:J$147,MATCH(ROWS($A$3:A13),Observaciones!$N$3:$N$147,0))="","",INDEX(Observaciones!J$3:J$147,MATCH(ROWS($A$3:A13),Observaciones!$N$3:$N$147,0))),"")
A14: =IFERROR(IF(INDEX(Observaciones!A$3:A$147,MATCH(ROWS($A$3:A14),Observaciones!$N$3:$N$147,0))="","",INDEX(Observaciones!A$3:A$147,MATCH(ROWS($A$3:A14),Observaciones!$N$3:$N$147,0))),"") | B14: =IFERROR(IF(INDEX(Observaciones!C$3:C$147,MATCH(ROWS($A$3:A14),Observaciones!$N$3:$N$147,0))="","",INDEX(Observaciones!C$3:C$147,MATCH(ROWS($A$3:A14),Observaciones!$N$3:$N$147,0))),"") | C14: =IFERROR(IF(INDEX(Observaciones!B$3:B$147,MATCH(ROWS($A$3:A14),Observaciones!$N$3:$N$147,0))="","",INDEX(Observaciones!B$3:B$147,MATCH(ROWS($A$3:A14),Observaciones!$N$3:$N$147,0))),"") | D14: =IFERROR(IF(INDEX(Observaciones!D$3:D$147,MATCH(ROWS($A$3:A14),Observaciones!$N$3:$N$147,0))="","",INDEX(Observaciones!D$3:D$147,MATCH(ROWS($A$3:A14),Observaciones!$N$3:$N$147,0))),"") | E14: =IFERROR(IF(INDEX(Observaciones!E$3:E$147,MATCH(ROWS($A$3:A14),Observaciones!$N$3:$N$147,0))="","",INDEX(Observaciones!E$3:E$147,MATCH(ROWS($A$3:A14),Observaciones!$N$3:$N$147,0))),"") | F14: =IFERROR(IF(INDEX(Observaciones!F$3:F$147,MATCH(ROWS($A$3:A14),Observaciones!$N$3:$N$147,0))="","",INDEX(Observaciones!F$3:F$147,MATCH(ROWS($A$3:A14),Observaciones!$N$3:$N$147,0))),"") | G14: =IFERROR(IF(INDEX(Observaciones!I$3:I$147,MATCH(ROWS($A$3:A14),Observaciones!$N$3:$N$147,0))="","",INDEX(Observaciones!I$3:I$147,MATCH(ROWS($A$3:A14),Observaciones!$N$3:$N$147,0))),"") | H14: =IFERROR(IF(INDEX(Observaciones!J$3:J$147,MATCH(ROWS($A$3:A14),Observaciones!$N$3:$N$147,0))="","",INDEX(Observaciones!J$3:J$147,MATCH(ROWS($A$3:A14),Observaciones!$N$3:$N$147,0))),"")
... A153: =IFERROR(IF(INDEX(Observaciones!A$3:A$147,MATCH(ROWS($A$3:A153),Observaciones!$N$3:$N$147,0))="","",INDEX(Observaciones!A$3:A$147,MATCH(ROWS($A$3:A153),Observaciones!$N$3:$N$147,0))),"") | B153: =IFERROR(IF(INDEX(Observaciones!C$3:C$147,MATCH(ROWS($A$3:A153),Observaciones!$N$3:$N$147,0))="","",INDEX(Observaciones!C$3:C$147,MATCH(ROWS($A$3:A153),Observaciones!$N$3:$N$147,0))),"") | C153: =IFERROR(IF(INDEX(Observaciones!B$3:B$147,MATCH(ROWS($A$3:A153),Observaciones!$N$3:$N$147,0))="","",INDEX(Observaciones!B$3:B$147,MATCH(ROWS($A$3:A153),Observaciones!$N$3:$N$147,0))),"") | D153: =IFERROR(IF(INDEX(Observaciones!D$3:D$147,MATCH(ROWS($A$3:A153),Observaciones!$N$3:$N$147,0))="","",INDEX(Observaciones!D$3:D$147,MATCH(ROWS($A$3:A153),Observaciones!$N$3:$N$147,0))),"") | E153: =IFERROR(IF(INDEX(Observaciones!E$3:E$147,MATCH(ROWS($A$3:A153),Observaciones!$N$3:$N$147,0))="","",INDEX(Observaciones!E$3:E$147,MATCH(ROWS($A$3:A153),Observaciones!$N$3:$N$147,0))),"") | F153: =IFERROR(IF(INDEX(Observaciones!F$3:F$147,MATCH(ROWS($A$3:A153),Observaciones!$N$3:$N$147,0))="","",INDEX(Observaciones!F$3:F$147,MATCH(ROWS($A$3:A153),Observaciones!$N$3:$N$147,0))),"") | G153: =IFERROR(IF(INDEX(Observaciones!I$3:I$147,MATCH(ROWS($A$3:A153),Observaciones!$N$3:$N$147,0))="","",INDEX(Observaciones!I$3:I$147,MATCH(ROWS($A$3:A153),Observaciones!$N$3:$N$147,0))),"") | H153: =IFERROR(IF(INDEX(Observaciones!J$3:J$147,MATCH(ROWS($A$3:A153),Observaciones!$N$3:$N$147,0))="","",INDEX(Observaciones!J$3:J$147,MATCH(ROWS($A$3:A153),Observaciones!$N$3:$N$147,0))),"")
A154: Total subsanadas: | B154: =COUNTIF(Observaciones!$H$3:$H$147,"OK") -> 2
